info_id,first_name,last_name
1,Ashish,Prabhakar
2,Laura,Grey
3,Craig,Johnson
4,Mary,Jenkins
5,Jamie,Smith
6,Mary,Mary
7,Jamie,Jamie
8,Mary,Rachel
9,Jamie,Laura
10,Rachel,Craig
11,Laura,Mary
12,Craig,Jamie
13,Booker,Rachel
14,Grey,Laura
15,Johnson,Craig
16,Jenkins,Mary
17,Smith,Jamie
18,Mary,Mary
19,Jamie,Jamie
20,Rachel,Rachel
21,Laura,Laura
22,Craig,Craig
23,Mary,Booker
24,Jamie,Grey
25,Rachel,Johnson
26,Laura,Jenkins
27,Craig,Smith
28,Mary,Jenkins
29,Jamie,Smith
30,Grey,Smith
31,Johnson,Jenkins
32,Jenkins,Smith
33,Smith,Mary
34,Jenkins,Jamie
35,Smith,Rachel
36,Laura,Laura
37,Craig,Craig
38,Mary,Mary
39,Jamie,Smith
40,Johnson,Jenkins
41,Jenkins,Smith
42,Smith,Smith
43,Jenkins,Jenkins
44,Smith,Craig
45,Jenkins,Mary
46,Smith,Jamie
47,Mary,Jenkins
48,Rachel,Booker
49,Laura,Grey
50,Craig,Johnson
